{
    "images": ["static/img/content/lines/winTotal.png"],
    "frames": [
        [24, 13, 100, 111],
        [154, 13, 93, 111],
        [295, 13, 82, 111],
        [420, 13, 102, 111],
        [553, 13, 102, 111],
        [684, 13, 104, 111],
        [820, 13, 95, 111],
        [954, 13, 100, 111],
        [1085, 13, 95, 111],
        [1222, 13, 95, 111],
        [1352, 13, 98, 111]
    ],
    "animations": {
        "+": {"frames": [0]},
        "0": {"frames": [1]},
        "1": {"frames": [2]},
        "2": {"frames": [3]},
        "3": {"frames": [4]},
        "4": {"frames": [5]},
        "5": {"frames": [6]},
        "6": {"frames": [7]},
        "7": {"frames": [8]},
        "8": {"frames": [9]},
        "9": {"frames": [10]}
    }
}
