{
    "images": ["static/img/content/elements/elements.png"],
    "frames": {
        "width": 192,
        "height": 180,
        "count": 42
    },
    "framerate": 12,
    "animations": {
        "normal-1": [0],
        "blur-1": [1],
        "win-1": [2],
        "normal-2": [3],
        "blur-2": [4],
        "win-2": [5],
        "normal-3": [6],
        "blur-3": [7],
        "win-3": [8],
        "normal-4": [9],
        "blur-4": [10],
        "win-4": [11],
        "normal-5": [12],
        "blur-5": [13],
        "win-5": [14],
        "normal-6": [15],
        "blur-6": [16],
        "win-6": [17],
        "normal-7": [18],
        "blur-7": [19],
        "win-7": [20],
        "normal-8": [21],
        "blur-8": [22],
        "win-8": [23],
        "normal-9": [24],
        "blur-9": [25],
        "win-9": [26],
        "normal-10": [27],
        "blur-10": [28],
        "win-10": [29],
        "normal-11": [30],
        "blur-11": [31],
        "win-11": [32],
        "normal-12": [33],
        "blur-12": [34],
        "win-12": [35],
        "normal-13": [36],
        "blur-13": [37],
        "win-13": [38],
        "normal-14": [39],
        "blur-14": [40],
        "win-14": [41]
    }
}
