{

"images": ["static/img/content/lines/bubblesForWinLines.png"],
"framerate": 24,

"frames": [
    [1, 1, 36, 36, 0, -25, -55],
    [39, 1, 42, 38, 0, -20, -54],
    [83, 1, 44, 36, 0, -18, -55],
    [129, 1, 48, 37, 0, -17, -54],
    [179, 1, 52, 40, 0, -15, -51],
    [1, 43, 54, 45, 0, -14, -47],
    [57, 43, 58, 49, 0, -12, -43],
    [117, 43, 60, 53, 0, -11, -38],
    [179, 43, 65, 58, 0, -8, -33],
    [1, 103, 67, 64, 0, -7, -27],
    [70, 103, 71, 69, 0, -5, -22],
    [143, 103, 74, 76, 0, -4, -15],
    [1, 181, 78, 82, 0, -2, -9],
    [81, 181, 80, 89, 0, -1, -2],
    [163, 181, 83, 80, 0, 0, -11],
    [1, 272, 82, 83, 0, -2, -8],
    [85, 272, 85, 88, 0, 0, -3],
    [172, 272, 83, 91, 0, 0, 0],
    [1, 365, 77, 83, 0, -8, -8],
    [80, 365, 78, 80, 0, -7, -11],
    [160, 365, 68, 85, 0, -7, -6],
    [1, 452, 72, 69, 0, -5, -22],
    [75, 452, 75, 61, 0, -3, -30],
    [152, 452, 66, 56, 0, -14, -35]
],

"animations": {
    "01p": { "frames": [0] },
    "02p": { "frames": [1] },
    "03p": { "frames": [2] },
    "04p": { "frames": [3] },
    "05p": { "frames": [4] },
    "06p": { "frames": [5] },
    "07p": { "frames": [6] },
    "08p": { "frames": [7] },
    "09p": { "frames": [8] },
    "10p": { "frames": [9] },
    "11p": { "frames": [10] },
    "12p": { "frames": [11] },
    "13p": { "frames": [12] },
    "14p": { "frames": [13] },
    "15p": { "frames": [14] },
    "16p": { "frames": [15] },
    "17p": { "frames": [16] },
    "18p": { "frames": [17] },
    "19p": { "frames": [18] },
    "20p": { "frames": [19] },
    "21p": { "frames": [20] },
    "22p": { "frames": [21] },
    "23p": { "frames": [22] },
    "24p": { "frames": [23] },
    "go": [0, 23]
},

"texturepacker": [
        "SmartUpdateHash: $TexturePacker:SmartUpdate:965fc5daa1e05c6204a0d4f05e251a8a:0242537e504f565bda052628dc8d7433:a898f3f5eedc9e54141ad73495bb1f8b$",
        "Created with TexturePacker (https://www.codeandweb.com/texturepacker) for EaselJS"
]

}
