{
    "images": ["static/img/content/freespin/totalWinFS.png"],
    "frames": [
        [0, 0, 174, 182],
        [208, 0, 114, 182],
        [348, 0, 167, 182],
        [528, 0, 165, 182],
        [698, 0, 178, 182],
        [865, 0, 166, 182],
        [1047, 0, 175, 182],
        [1233, 0, 150, 182],
        [1398, 0, 170, 182],
        [1573, 0, 172, 182],
        [1758, 0, 154, 182],
        [1940, 0, 128, 182]
    ],
    "animations": {
        "0": {"frames": [0]},
        "1": {"frames": [1]},
        "2": {"frames": [2]},
        "3": {"frames": [3]},
        "4": {"frames": [4]},
        "5": {"frames": [5]},
        "6": {"frames": [6]},
        "7": {"frames": [7]},
        "8": {"frames": [8]},
        "9": {"frames": [9]},
        "+": {"frames": [10]},
        "*": {"frames": [11]}
    }
}
